Zeitstempel;Kategorien_Vorstellung;Beschreiben Sie kurz, wie Sie sich einen typischen Informatiker/eine typische Informatikerin vorstellen!;Kategorien_Tätigkeiten;Nennen Sie drei Tätigkeiten, die InformatikerInnen Ihrer Meinung nach häufig in ihrem beruflichen Umfeld nachgehen.;Wie hoch schätzen Sie den Prozentsatz an Frauen unter allen Informatikern?;Wie sportlich schätzen Sie InformatikerInnen ein?;Was schätzen Sie sind Hobbies von InformatikerInnen?;Wie viel Zeit schätzen Sie, verbringen InformatikerInnen mit Computerspielen?;Wie modebewusst schätzen Sie InformatikerInnen ein?;Wie romantisch schätzen Sie InformatikerInnen ein?;Wie schätzen Sie den durchschnittlichen Beziehungsstand der InformatikerInnen ein?;Wie groß schätzen Sie den Freundeskreis von InformatikerInnen ein?;Wie schätzen Sie die Offenheit von InformatikerInnen gegenüber neuem ein?;Wie alt sind Sie?;Welchem Geschlecht fühlen Sie sich zugehörig?;Was ist Ihr aktueller Bildungsstand?;Welche Berührungspunkte haben Sie mit InformatikerInnen?;Haben Sie Anmerkungen oder Hinweise zu dieser Umfrage?;T_1;T_2;T_3;T_4;T_5;T_6;T_7;T_8;T_9;T_10;T_11;T_12;T_13;T_14;T_15;T_16;T_17;T_18;T_19;T_20;T_21;T_22;T_23;T_24;T_25;T_26;T_27;v_1;v_2;v_3;v_4;v_5;v_6;v_7;v_8;v_9;v_10;v_11;v_12;v_13;v_14;v_15;v_16;v_17;v_18;v_19;v_20;v_21;v_22;v_23;v_24;v_25;v_26;v_27;v_28;v_29;v_30;v_31;v_32;v_33;v_34;v_35;v_36;v_37;v_38;v_39;v_40;v_41;v_42;v_43;v_44;v_45;v_46;v_47;v_48;v_49;v_50;v_51;v_52;v_53
2017/06/10 5:21:21 nachm. OEZ;1,3;Introvertiert und intelligent;1,8,7;Projektemanagement, programmieraufgaben, Datenauswertung;10;1;2;gelegentlich;1;1;in einer langjährigen Beziehung;2;3;24;männlich;Studierender;Ein nahes Familienmitglied (Eltern/Kinder/Partner) ist InformatikerIn;Blumenkohl ist sehr gesund.;1;0;0;0;0;0;1;1;0;0;0;0;0;0;0;0;0;0;0;0;0;0;0;0;0;0;0;1;0;1;0;0;0;0;0;0;0;0;0;0;0;0;0;0;0;0;0;0;0;0;0;0;0;0;0;0;0;0;0;0;0;0;0;0;0;0;0;0;0;0;0;0;0;0;0;0;0;0;0;0
2017/06/11 4:15:03 nachm. OEZ;6,15,14;Wahrscheinlich männlich, eventuell markenlose Klamotten und längere Haare. ;1,10,22;Programmieren von Software, Optimieren von Programmen, Schulungen;14;2;1;mehrere Stunden pro Woche;1;2;ledig;2;1;23;männlich;Studierender;Ein nahes Familienmitglied (Eltern/Kinder/Partner) ist InformatikerIn;;1;0;0;0;0;0;0;0;0;1;0;0;0;0;0;0;0;0;0;0;0;1;0;0;0;0;0;0;0;0;0;0;1;0;0;0;0;0;0;0;1;1;0;0;0;0;0;0;0;0;0;0;0;0;0;0;0;0;0;0;0;0;0;0;0;0;0;0;0;0;0;0;0;0;0;0;0;0;0;0
2017/06/11 5:23:17 nachm. OEZ;16,9;Programmiert viel, sitzt vor dem Computer;1,5,13;Programmieren, in Meetings sitzen, sich um Probleme kuemmern;15;1;1;mehrere Stunden pro Woche;0;0;ledig;3;4;23;männlich;Studierender;In meinem privaten Bekanntenkreis gibt es InformatikerInnen;;1;0;0;0;1;0;0;0;0;0;0;0;1;0;0;0;0;0;0;0;0;0;0;0;0;0;0;0;0;0;0;0;0;0;0;1;0;0;0;0;0;0;1;0;0;0;0;0;0;0;0;0;0;0;0;0;0;0;0;0;0;0;0;0;0;0;0;0;0;0;0;0;0;0;0;0;0;0;0;0
2017/06/18 1:36:17 nachm. OEZ;44;Immer einen Laptop in der Hand.;17;sitzen vor dem Laptop, grübeln, tippen am Laptop ;30;4;3;mehrere Stunden pro Woche;2;0;in einer langjährigen Beziehung;2;0;58;weiblich;Abschgeschlossene Berufsausbildung;In meinem privaten Bekanntenkreis gibt es InformatikerInnen;;0;0;0;0;0;0;0;0;0;0;0;0;0;0;0;0;1;0;0;0;0;0;0;0;0;0;0;0;0;0;0;0;0;0;0;0;0;0;0;0;0;0;0;0;0;0;0;0;0;0;0;0;0;0;0;0;0;0;0;0;0;0;0;0;0;0;0;0;0;0;1;0;0;0;0;0;0;0;0;0
2017/06/18 1:44:41 nachm. OEZ;8;Computerfreak;1;programmieren, entwickeln, PC-Probleme lösen ;15;2;1;mehrere Stunden pro Woche;2;1;ledig;1;2;23;weiblich;Hochschulabschluss;In meinem privaten Bekanntenkreis gibt es InformatikerInnen;;1;0;0;0;0;0;0;0;0;0;0;0;0;0;0;0;0;0;0;0;0;0;0;0;0;0;0;0;0;0;0;0;0;0;1;0;0;0;0;0;0;0;0;0;0;0;0;0;0;0;0;0;0;0;0;0;0;0;0;0;0;0;0;0;0;0;0;0;0;0;0;0;0;0;0;0;0;0;0;0
2017/06/18 4:26:33 nachm. OEZ;29,49,42,33,9,1,37,22;Typ 1: Dynamisch, sportlich Business Typ, involviert in Start up und Unternehmensgründung Typ 2: Nachtaktiv, viel alleine am Computer, ungesundes Essen, Gaming;13,2;Problemlösung (Programme durch neue Funktionen ergänzen, ganz neue Funktionen und Tools entwickeln), übersetzen verschiedener Programmiersprachen/Kombination verschiedener (Anpassung existierender Programme für andere Systeme etc.), Design & Gestaltung;10;2;2;mehrere Stunden pro Woche;2;2;in einer Beziehung;2;0;23;weiblich;Hochschulabschluss;Ein nahes Familienmitglied (Eltern/Kinder/Partner) ist InformatikerIn;;0;1;0;0;0;0;0;0;0;0;0;0;1;0;0;0;0;0;0;0;0;0;0;0;0;0;0;1;0;0;0;0;0;0;0;1;0;0;0;0;0;0;0;0;0;0;0;0;1;0;0;0;0;0;0;1;0;0;0;1;0;0;0;1;0;0;0;0;1;0;0;0;0;0;0;1;0;0;0;0
2017/06/18 10:20:43 nachm. OEZ;34,3,17,2,41;neugierig, intelligent, suveränes Auftreten, den anderen komplexe Vorgänge gut erklären können, informativ;1,6,17;Computer, Programme, komplexe Vorgänge lösen;30;2;3;gelegentlich;2;2;in einer Beziehung;2;2;53;weiblich;Abschgeschlossene Berufsausbildung;Ein nahes Familienmitglied (Eltern/Kinder/Partner) ist InformatikerIn;;1;0;0;0;0;1;0;0;0;0;0;0;0;0;0;0;1;0;0;0;0;0;0;0;0;0;0;0;1;1;0;0;0;0;0;0;0;0;0;0;0;0;0;1;0;0;0;0;0;0;0;0;0;0;0;0;0;0;0;0;1;0;0;0;0;0;0;1;0;0;0;0;0;0;0;0;0;0;0;0
2017/06/19 9:20:21 vorm. OEZ;16,9;Eigenbrötler, ;1,2,8;Progammieren von Steuerungen, Architekturen entwerfen,  Managment;3;1;1;gelegentlich;0;0;ledig;1;2;62;weiblich;Hochschulabschluss;In meinem privaten Bekanntenkreis gibt es InformatikerInnen;;1;1;0;0;0;0;0;1;0;0;0;0;0;0;0;0;0;0;0;0;0;0;0;0;0;0;0;0;0;0;0;0;0;0;0;1;0;0;0;0;0;0;1;0;0;0;0;0;0;0;0;0;0;0;0;0;0;0;0;0;0;0;0;0;0;0;0;0;0;0;0;0;0;0;0;0;0;0;0;0
2017/06/19 1:04:25 nachm. OEZ;13;Die Informatikerin beschäftigt sich mit der Entwicklung von. Software ;10,2;Pflege von Software in Firmen und z.B. Entwicklung von Apps;20;2;2;gelegentlich;2;2;in einer langjährigen Beziehung;2;2;44;weiblich;Abschgeschlossene Berufsausbildung;Ein nahes Familienmitglied (Eltern/Kinder/Partner) ist InformatikerIn;Nein;0;1;0;0;0;0;0;0;0;1;0;0;0;0;0;0;0;0;0;0;0;0;0;0;0;0;0;0;0;0;0;0;0;0;0;0;0;0;0;1;0;0;0;0;0;0;0;0;0;0;0;0;0;0;0;0;0;0;0;0;0;0;0;0;0;0;0;0;0;0;0;0;0;0;0;0;0;0;0;0
2017/06/19 1:18:02 nachm. OEZ;8,19;Sehr Computer-interessiert, manchmal fehlende soziale Kompetenzen;1,10,2;Programmieren, Modifizieren von Programmen und Systemen, entwicklung;5;1;3;mehrere Stunden täglich;1;1;ledig;2;1;25;weiblich;Hochschulabschluss;In meinem privaten Bekanntenkreis gibt es InformatikerInnen;;1;1;0;0;0;0;0;0;0;1;0;0;0;0;0;0;0;0;0;0;0;0;0;0;0;0;0;0;0;0;0;0;0;0;1;0;0;0;0;0;0;0;0;0;0;1;0;0;0;0;0;0;0;0;0;0;0;0;0;0;0;0;0;0;0;0;0;0;0;0;0;0;0;0;0;0;0;0;0;0
2017/06/19 1:18:40 nachm. OEZ;3;Genial, Einzigartig, Gottgleiches Wesen;15;Kaffee trinken, Kicker spielen, Kompilieren;40;3;2;mehrere Stunden pro Woche;2;2;ledig;3;3;26;männlich;Studierender;Ich bin selber Informatiker;Grüße aus Kassel SE4EVER;0;0;0;0;0;0;0;0;0;0;0;0;0;0;1;0;0;0;0;0;0;0;0;0;0;0;0;0;0;1;0;0;0;0;0;0;0;0;0;0;0;0;0;0;0;0;0;0;0;0;0;0;0;0;0;0;0;0;0;0;0;0;0;0;0;0;0;0;0;0;0;0;0;0;0;0;0;0;0;0
2017/06/19 1:38:56 nachm. OEZ;9,13;Sitzende Bürotätigkeit am PC und derweilige Entwicklung von Software;1,2,9;Programmieren, Modellieren, Analysieren;10;2;1;mehrere Stunden pro Woche;1;2;ledig;1;0;27;männlich;Hochschulabschluss;Ich bin selber Informatiker;;1;1;0;0;0;0;0;0;1;0;0;0;0;0;0;0;0;0;0;0;0;0;0;0;0;0;0;0;0;0;0;0;0;0;0;1;0;0;0;1;0;0;0;0;0;0;0;0;0;0;0;0;0;0;0;0;0;0;0;0;0;0;0;0;0;0;0;0;0;0;0;0;0;0;0;0;0;0;0;0
2017/06/19 2:05:23 nachm. OEZ;11,1,1;ruhige Persönlichkeit, durchdacht, vielleicht etwas introvertiert;1,3,11;Programmierung, Hilfestellung bei technischen Problemen, Administratortätigkeiten;30;2;2;mehrere Stunden pro Woche;2;2;in einer Beziehung;2;1;24;männlich;Hochschulabschluss;Ein nahes Familienmitglied (Eltern/Kinder/Partner) ist InformatikerIn;;1;0;1;0;0;0;0;0;0;0;1;0;0;0;0;0;0;0;0;0;0;0;0;0;0;0;0;1;0;0;0;0;0;0;0;0;0;1;0;0;0;0;0;0;0;0;0;0;0;0;0;0;0;0;0;0;0;0;0;0;0;0;0;0;0;0;0;0;0;0;0;0;0;0;0;0;0;0;0;0
2017/06/19 2:44:34 nachm. OEZ;10;Ich habe keine bestimmte Vorstellung eines/er typischen Informatikers/erin;3,1;Beheben von PC-Problemen, Programmieren, ;20;2;2;mehrere Stunden pro Woche;2;2;in einer langjährigen Beziehung;1;2;23;weiblich;Hochschulabschluss;Ich habe keinen Kontakt mit InformatikerInnen;;1;0;1;0;0;0;0;0;0;0;0;0;0;0;0;0;0;0;0;0;0;0;0;0;0;0;0;0;0;0;0;0;0;0;0;0;1;0;0;0;0;0;0;0;0;0;0;0;0;0;0;0;0;0;0;0;0;0;0;0;0;0;0;0;0;0;0;0;0;0;0;0;0;0;0;0;0;0;0;0
2017/06/19 3:44:04 nachm. OEZ;44;nerdig;1;programmieren, reddit, kaffee trinken;10;1;2;mehrere Stunden pro Woche;1;1;in einer Beziehung;2;0;27;männlich;Hochschulabschluss;In meinem privaten Bekanntenkreis gibt es InformatikerInnen;;1;0;0;0;0;0;0;0;0;0;0;0;0;0;0;0;0;0;0;0;0;0;0;0;0;0;0;0;0;0;0;0;0;0;0;0;0;0;0;0;0;0;0;0;0;0;0;0;0;0;0;0;0;0;0;0;0;0;0;0;0;0;0;0;0;0;0;0;0;0;1;0;0;0;0;0;0;0;0;0
2017/06/19 3:44:09 nachm. OEZ;19,8;Sozial eher nicht so kompetent, dafür sehr versiert in allen PC-Angelegenheiten;1,10,2;Programmierung in sämtlichen Branchen wie Automobilindustrie, Wartung und Instandhaltung von Softwares und IT in Firmen, Webdesign ;8;2;2;mehrere Stunden pro Woche;1;2;in einer langjährigen Beziehung;2;1;23;weiblich;Hochschulabschluss;In meinem privaten Bekanntenkreis gibt es InformatikerInnen;;1;1;0;0;0;0;0;0;0;1;0;0;0;0;0;0;0;0;0;0;0;0;0;0;0;0;0;0;0;0;0;0;0;0;1;0;0;0;0;0;0;0;0;0;0;1;0;0;0;0;0;0;0;0;0;0;0;0;0;0;0;0;0;0;0;0;0;0;0;0;0;0;0;0;0;0;0;0;0;0
2017/06/19 3:50:04 nachm. OEZ;1,10,35;Mild eigenbrödlerisch, wenig spezifisch. Muss pedant sein um weit zu kommen, heißt nicht dass er pedantisch ist.;10,20,2;Diskussion, Debugging, Entwicklung;18;2;1;gelegentlich;1;2;in einer Beziehung;2;1;23;männlich;Studierender;Ich bin selber Informatiker;;0;1;0;0;0;0;0;0;0;1;0;0;0;0;0;0;0;0;0;1;0;0;0;0;0;0;0;1;0;0;0;0;0;0;0;0;1;0;0;0;0;0;0;0;0;0;0;0;0;0;0;0;0;0;0;0;0;0;0;0;0;1;0;0;0;0;0;0;0;0;0;0;0;0;0;0;0;0;0;0
2017/06/19 4:06:17 nachm. OEZ;25;Gebildet, umfangreiches Allgemeinwissen ;27,26,12;Buchhaltung, Bildbearbeitung , Schrauber;23;2;2;gelegentlich;1;1;in einer langjährigen Beziehung;2;3;50;weiblich;Hochschulabschluss;In meinem privaten Bekanntenkreis gibt es InformatikerInnen;;0;0;0;0;0;0;0;0;0;0;0;1;0;0;0;0;0;0;0;0;0;0;0;0;0;1;1;0;0;0;0;0;0;0;0;0;0;0;0;0;0;0;0;0;0;0;0;0;0;0;0;1;0;0;0;0;0;0;0;0;0;0;0;0;0;0;0;0;0;0;0;0;0;0;0;0;0;0;0;0
2017/06/19 4:09:05 nachm. OEZ;10,5;Typische Merkmale gibt es nicht für mich. Ein Interesse an Technik ist aber bemerkbar. Ebenso sind eine Vielzahl an Informatikern eher etwas zrückhaltender.;1,8,5;Programmieren, Projektplanung, Soziale Aktivitäten;5;2;3;mehrere Stunden pro Woche;2;2;in einer Beziehung;2;1;28;männlich;Hochschulabschluss;Ich bin selber Informatiker;;1;0;0;0;1;0;0;1;0;0;0;0;0;0;0;0;0;0;0;0;0;0;0;0;0;0;0;0;0;0;0;1;0;0;0;0;1;0;0;0;0;0;0;0;0;0;0;0;0;0;0;0;0;0;0;0;0;0;0;0;0;0;0;0;0;0;0;0;0;0;0;0;0;0;0;0;0;0;0;0
2017/06/19 4:28:57 nachm. OEZ;1,2,51,45;Männlich bzw. weiblich. Kompetent auf dem jeweiligen Einsatzgebiet. Starke ingenieurslastige Problemlösung, weniger wirtschaftliche Denkweise. Lockeres Auftreten (kein Anzugtyp bzw. Kostümtyp);1,3,11;Softwarelösungen programmieren, Helpdesk/ support übernehmen, Administration von ERP oder Webseiten ;8;2;2;mehrere Stunden pro Woche;2;2;in einer Beziehung;2;3;28;männlich;Hochschulabschluss;In meinem privaten Bekanntenkreis gibt es InformatikerInnen;;1;0;1;0;0;0;0;0;0;0;1;0;0;0;0;0;0;0;0;0;0;0;0;0;0;0;0;1;1;0;0;0;0;0;0;0;0;0;0;0;0;0;0;0;0;0;0;0;0;0;0;0;0;0;0;0;0;0;0;0;0;0;0;0;0;0;0;0;0;0;0;1;0;0;0;0;0;1;0;0
2017/06/19 5:01:46 nachm. OEZ;30;Als nüchterner Datenverarbeiter, für den nur Fakten zählen. ;7;Daten sammeln verarbeiten und integrieren.;10;2;2;mehrere Stunden pro Woche;2;2;in einer Beziehung;2;3;55;männlich;Hochschulabschluss;In meinem privaten Bekanntenkreis gibt es InformatikerInnen;;0;0;0;0;0;0;1;0;0;0;0;0;0;0;0;0;0;0;0;0;0;0;0;0;0;0;0;0;0;0;0;0;0;0;0;0;0;0;0;0;0;0;0;0;0;0;0;0;0;0;0;0;0;0;0;0;1;0;0;0;0;0;0;0;0;0;0;0;0;0;0;0;0;0;0;0;0;0;0;0
2017/06/19 5:52:32 nachm. OEZ;10;Normaler Mensch wie du und ich.;3,18,13;First und Secend Level Support dokumentieren patchmanagement;25;3;3;mehrere Stunden pro Woche;2;2;in einer Beziehung;3;3;29;männlich;Studierender;;;1;0;0;0;0;0;0;0;0;0;0;0;1;0;0;0;0;1;0;0;0;0;0;0;0;0;0;0;0;0;0;0;0;0;0;0;1;0;0;0;0;0;0;0;0;0;0;0;0;0;0;0;0;0;0;0;0;0;0;0;0;0;0;0;0;0;0;0;0;0;0;0;0;0;0;0;0;0;0;0
2017/06/19 6:06:13 nachm. OEZ;9,16;Sitzen täglich am PC und programmieren;2,1,24;Entwickeln Programme Forschung Programmieren neuer software;5;2;2;gelegentlich;2;2;in einer Beziehung;1;0;51;weiblich;Abschgeschlossene Berufsausbildung;Ein nahes Familienmitglied (Eltern/Kinder/Partner) ist InformatikerIn;;1;1;0;0;0;0;0;0;0;0;0;0;0;0;0;0;0;0;0;0;0;0;0;1;0;0;0;0;0;0;0;0;0;0;0;1;0;0;0;0;0;0;1;0;0;0;0;0;0;0;0;0;0;0;0;0;0;0;0;0;0;0;0;0;0;0;0;0;0;0;0;0;0;0;0;0;0;0;0;0
2017/06/19 6:20:28 nachm. OEZ;8,6,22,24,3;Ein Informatiker hat eine große Leidenschaft an alles, was um Computer geht. Er (größtenteils studieren Informatik Jungs) spielt auch gerne Computerspiele. Ich kenne nicht sooo viele Informatikerinnen, aber sie alle sind ganz lieb! Sie kennen sich sehr gut mit Rechnern und Programmierung aus, aber sie bleiben immernoch Mädels. Sie interessieren sich für Mädels-Sachen wie Shopping und Mode. Aber gleichzeitig sind sie hochintelligente Menschen. ;1,5,3;Programmieren, Mit Kollegen die Projekte besprechen, Auf dumme Fragen Nicht-Informatiker antworten;10;2;4;mehrere Stunden pro Woche;2;4;in einer Beziehung;1;3;24;weiblich;Studierender;In meinem privaten Bekanntenkreis gibt es InformatikerInnen;;1;0;1;0;1;0;0;0;0;0;0;0;0;0;0;0;0;0;0;0;0;0;0;0;0;0;0;0;0;1;0;0;1;0;1;0;0;0;0;0;0;0;0;0;0;0;0;0;1;0;1;0;0;0;0;0;0;0;0;0;0;0;0;0;0;0;0;0;0;0;0;0;0;0;0;0;0;0;0;0
2017/06/19 6:42:05 nachm. OEZ;9,13;Einen Menschen der am Computers arbeitet.;7,9,24;Datenverarbeitung, Analysen, Forschung ;20;2;1;gelegentlich;2;2;in einer langjährigen Beziehung;2;1;53;weiblich;Abschgeschlossene Berufsausbildung;In meinem privaten Bekanntenkreis gibt es InformatikerInnen;;0;0;0;0;0;0;1;0;1;0;0;0;0;0;0;0;0;0;0;0;0;0;0;1;0;0;0;0;0;0;0;0;0;0;0;1;0;0;0;1;0;0;0;0;0;0;0;0;0;0;0;0;0;0;0;0;0;0;0;0;0;0;0;0;0;0;0;0;0;0;0;0;0;0;0;0;0;0;0;0
2017/06/19 6:51:08 nachm. OEZ;14,32,1,24;Lange Haare, hört Metal/ Rock, eher introvertiert, bei genaueren Kennenlernen ein sehr liebenswerter Mensch;9,1,11;Datenanalyse, Programmierung  (Software, Webseiten) Netzwerkadministration;15;2;3;mehrere Stunden täglich;2;2;in einer Beziehung;2;1;23;männlich;Abschgeschlossene Berufsausbildung;In meinem privaten Bekanntenkreis gibt es InformatikerInnen;;1;0;0;0;0;0;0;0;1;0;1;0;0;0;0;0;0;0;0;0;0;0;0;0;0;0;0;1;0;0;0;0;0;0;0;0;0;0;0;0;1;0;0;0;0;0;0;0;0;0;1;0;0;0;0;0;0;0;1;0;0;0;0;0;0;0;0;0;0;0;0;0;0;0;0;0;0;0;0;0
2017/06/19 6:59:30 nachm. OEZ;7,26,1;Brille, ein wenig ungepflegt, in sich gekehrt.;15;Spielen, Pizza, Pornos;1;0;0;mehrere Stunden täglich;0;0;ledig;0;4;29;männlich;Abschgeschlossene Berufsausbildung;Ich bin selber Informatiker;;0;0;0;0;0;0;0;0;0;0;0;0;0;0;1;0;0;0;0;0;0;0;0;0;0;0;0;1;0;0;0;0;0;1;0;0;0;0;0;0;0;0;0;0;0;0;0;0;0;0;0;0;1;0;0;0;0;0;0;0;0;0;0;0;0;0;0;0;0;0;0;0;0;0;0;0;0;0;0;0
2017/06/19 8:37:37 nachm. OEZ;8,4;Computer Geek\Nerd;1,16,25;Programmieren, Computer Sicherheit, hacken ;5;1;1;gelegentlich;1;2;in einer Beziehung;2;1;23;weiblich;Studierender;In meinem privaten Bekanntenkreis gibt es InformatikerInnen;;1;0;0;0;0;0;0;0;0;0;0;0;0;0;0;1;0;0;0;0;0;0;0;0;1;0;0;0;0;0;1;0;0;0;1;0;0;0;0;0;0;0;0;0;0;0;0;0;0;0;0;0;0;0;0;0;0;0;0;0;0;0;0;0;0;0;0;0;0;0;0;0;0;0;0;0;0;0;0;0
2017/06/19 8:53:12 nachm. OEZ;5,5;eigentlich bin ich für Klischees nicht zu haben, aber ihr habt es so gewollt: technikaffin, in der Freizeit oft uninteressiert an Coding, gelegentlich unempathisch und leicht verschroben;1,2,11;1. Coding, 2. Website-Erstellung und Pflege, 3. Betreuung und Wartung von Netzwerken und Firmensystemen;25;2;3;mehrere Stunden täglich;1;1;"jeder Mensch mit Ahnung von  Statistik würde euch die Abfrage von ""durchschnittlichem Beziehungsstand"" um die Ohren hauen";2;1;49;männlich;Hochschulabschluss;In meinem privaten Bekanntenkreis gibt es InformatikerInnen;Ich bin heilfroh, diese Fragebögen nicht empirisch auswerten zu müssen :-);1;1;0;0;0;0;0;0;0;0;1;0;0;0;0;0;0;0;0;0;0;0;0;0;0;0;0;0;0;0;0;1;0;0;0;0;0;0;0;0;0;0;0;0;0;0;0;0;0;0;0;0;0;0;0;0;0;0;0;0;0;0;0;0;0;0;0;0;0;0;0;0;0;0;0;0;1;0;0;0
2017/06/19 9:32:03 nachm. OEZ;4,8;Nerdiger Computerfreak;3,1,18;Servicearbeiten (IT-Support), Programmieren, Protokollierung der Arbeit;15;1;2;mehrere Stunden pro Woche;2;1;ledig;2;3;23;weiblich;Abschgeschlossene Berufsausbildung;In meinem privaten Bekanntenkreis gibt es InformatikerInnen;;1;0;1;0;0;0;0;0;0;0;0;0;0;0;0;0;0;1;0;0;0;0;0;0;0;0;0;0;0;0;1;0;0;0;1;0;0;0;0;0;0;0;0;0;0;0;0;0;0;0;0;0;0;0;0;0;0;0;0;0;0;0;0;0;0;0;0;0;0;0;0;0;0;0;0;0;0;0;0;0
2017/06/19 9:49:17 nachm. OEZ;13;Einen Menschen, der sowohl technischen Support an EDV-Systemen betreibt, als auch programmieren kann sowie Systeme entwickelt;3,2,10;DienstleisterInnen für Systemteilnehmer, Pflege und Weiterentwicklung von Systemen;10;2;3;mehrere Stunden pro Woche;2;2;in einer Beziehung;2;1;59;männlich;Hochschulabschluss;Ich habe direkten beruflichen Kontakt mit InformatikerInnen;;0;1;1;0;0;0;0;0;0;1;0;0;0;0;0;0;0;0;0;0;0;0;0;0;0;0;0;0;0;0;0;0;0;0;0;0;0;0;0;1;0;0;0;0;0;0;0;0;0;0;0;0;0;0;0;0;0;0;0;0;0;0;0;0;0;0;0;0;0;0;0;0;0;0;0;0;0;0;0;0
2017/06/19 10:34:34 nachm. OEZ;6,3,1;Männlich, intelligent, introvertiert;6,1,8;Modellierung abstrakter Probleme zum Finden konkreter Lösungen, Softwareentwicklung als Teil der Lösungsimplementierung, Projektmanagement und davon abhängige Tätigkeiten.;15;2;2;gelegentlich;2;3;in einer Beziehung;2;2;24;männlich;Hochschulabschluss;Ich bin selber Informatiker;;1;0;0;0;0;1;0;1;0;0;0;0;0;0;0;0;0;0;0;0;0;0;0;0;0;0;0;1;0;1;0;0;1;0;0;0;0;0;0;0;0;0;0;0;0;0;0;0;0;0;0;0;0;0;0;0;0;0;0;0;0;0;0;0;0;0;0;0;0;0;0;0;0;0;0;0;0;0;0;0
2017/06/19 10:36:24 nachm. OEZ;2,8;Ein Mensch der seine Arbeit gerne am PC erledigt und Spaß daran findet Probleme algorithmisch zu lösen.;18,3,2;Entwicklung IT-Support Dokumentation;6;1;1;mehrere Stunden pro Woche;2;2;ledig;2;1;27;männlich;Hochschulabschluss;Ich bin selber Informatiker;;0;1;1;0;0;0;0;0;0;0;0;0;0;0;0;0;0;1;0;0;0;0;0;0;0;0;0;0;1;0;0;0;0;0;1;0;0;0;0;0;0;0;0;0;0;0;0;0;0;0;0;0;0;0;0;0;0;0;0;0;0;0;0;0;0;0;0;0;0;0;0;0;0;0;0;0;0;0;0;0
2017/06/19 10:49:11 nachm. OEZ;1;Zurückhaltend, schüchtern;1,2,10;Programmieren, Softwareentwicklung, Anwendungsbetreuung;10;1;1;mehrere Stunden pro Woche;1;2;ledig;2;3;24;männlich;Studierender;In meinem privaten Bekanntenkreis gibt es InformatikerInnen;;1;1;0;0;0;0;0;0;0;1;0;0;0;0;0;0;0;0;0;0;0;0;0;0;0;0;0;1;0;0;0;0;0;0;0;0;0;0;0;0;0;0;0;0;0;0;0;0;0;0;0;0;0;0;0;0;0;0;0;0;0;0;0;0;0;0;0;0;0;0;0;0;0;0;0;0;0;0;0;0
2017/06/20 5:37:59 vorm. OEZ;2,29;Eine mathematisch begabte, dynamische Person.;1,7;Rechnen, programmieren, improvisieren;2;1;1;mehrere Stunden pro Woche;2;3;in einer langjährigen Beziehung;3;3;48;weiblich;Abschgeschlossene Berufsausbildung;In meinem privaten Bekanntenkreis gibt es InformatikerInnen;;1;0;0;0;0;0;1;0;0;0;0;0;0;0;0;0;0;0;0;0;0;0;0;0;0;0;0;0;1;0;0;0;0;0;0;0;0;0;0;0;0;0;0;0;0;0;0;0;0;0;0;0;0;0;0;1;0;0;0;0;0;0;0;0;0;0;0;0;0;0;0;0;0;0;0;0;0;0;0;0
2017/06/20 8:28:47 vorm. OEZ;46;Nachdenklicher Mensch;2,11,8;Entwicklung von Soft und Hardware, Projektbegleitung, Systemadministrator;17;2;3;gelegentlich;1;2;in einer langjährigen Beziehung;2;0;53;männlich;Abschgeschlossene Berufsausbildung;Ich habe keinen Kontakt mit InformatikerInnen;;0;1;0;0;0;0;0;1;0;0;1;0;0;0;0;0;0;0;0;0;0;0;0;0;0;0;0;0;0;0;0;0;0;0;0;0;0;0;0;0;0;0;0;0;0;0;0;0;0;0;0;0;0;0;0;0;0;0;0;0;0;0;0;0;0;0;0;0;0;0;0;0;1;0;0;0;0;0;0;0
2017/06/20 12:22:56 nachm. OEZ;8,27,12;männlich, weltfremd, dürr, oder männlich mit langen Haaren und kräftig;1,8,16;Programmieren, Leiten, für Sicherheit sorgen;30;1;1;mehrere Stunden pro Woche;1;1;in einer langjährigen Beziehung;1;1;24;weiblich;Studierender;Ich bin selber Informatiker;;1;0;0;0;0;0;0;1;0;0;0;0;0;0;0;1;0;0;0;0;0;0;0;0;0;0;0;0;0;0;0;0;0;0;1;0;0;0;1;0;0;0;0;0;0;0;0;0;0;0;0;0;0;1;0;0;0;0;0;0;0;0;0;0;0;0;0;0;0;0;0;0;0;0;0;0;0;0;0;0
2017/06/20 1:48:13 nachm. OEZ;21;Einsam;22,1;Lesen Lernen Programme schreiben;5;2;1;gelegentlich;2;1;in einer Beziehung;2;0;47;männlich;Abschgeschlossene Berufsausbildung;Ich habe keinen Kontakt mit InformatikerInnen;;1;0;0;0;0;0;0;0;0;0;0;0;0;0;0;0;0;0;0;0;0;1;0;0;0;0;0;0;0;0;0;0;0;0;0;0;0;0;0;0;0;0;0;0;0;0;0;1;0;0;0;0;0;0;0;0;0;0;0;0;0;0;0;0;0;0;0;0;0;0;0;0;0;0;0;0;0;0;0;0
2017/06/20 6:50:40 nachm. OEZ;18;Kreativ;7,16,1;Datenanalyse,webseit bearbeiten,sicherheitsbeauftrage;8;2;3;mehrere Stunden pro Woche;2;2;ledig;2;2;23;weiblich;Abschgeschlossene Berufsausbildung;In meinem privaten Bekanntenkreis gibt es InformatikerInnen;;1;0;0;0;0;0;1;0;0;0;0;0;0;0;0;1;0;0;0;0;0;0;0;0;0;0;0;0;0;0;0;0;0;0;0;0;0;0;0;0;0;0;0;0;1;0;0;0;0;0;0;0;0;0;0;0;0;0;0;0;0;0;0;0;0;0;0;0;0;0;0;0;0;0;0;0;0;0;0;0
2017/06/20 8:00:55 nachm. OEZ;13,43,;(IT) Entwicklung und Forschung, Kommunikation in der Wirtschaft. ;2,1,10;Entwickeln programmieren modifizieren Steuerungstechnik.;10;2;3;gelegentlich;1;2;in einer langjährigen Beziehung;4;1;79;männlich;Abschgeschlossene Berufsausbildung;In meinem privaten Bekanntenkreis gibt es InformatikerInnen;;1;1;0;0;0;0;0;0;0;1;0;0;0;0;0;0;0;0;0;0;0;0;0;0;0;0;0;0;0;0;0;0;0;0;0;0;0;0;0;1;0;0;0;0;0;0;0;0;0;0;0;0;0;0;0;0;0;0;0;0;0;0;0;0;0;0;0;0;0;1;0;0;0;0;0;0;0;0;0;0
2017/06/20 9:26:26 nachm. OEZ;27;Altagsblind;2;Maschinenbau, Autobauer ;25;2;1;mehrere Stunden pro Woche;2;1;in einer Beziehung;1;2;38;weiblich;Hochschulabschluss;In meinem privaten Bekanntenkreis gibt es InformatikerInnen;;0;1;0;0;0;0;0;0;0;0;0;0;0;0;0;0;0;0;0;0;0;0;0;0;0;0;0;0;0;0;0;0;0;0;0;0;0;0;0;0;0;0;0;0;0;0;0;0;0;0;0;0;0;1;0;0;0;0;0;0;0;0;0;0;0;0;0;0;0;0;0;0;0;0;0;0;0;0;0;0
2017/06/20 10:04:18 nachm. OEZ;48,2,1;Spassbremse, mathematisch sehr begabt, zurückhaltend;1,3,8;Programmieren Support Projektleitung;25;2;1;mehrere Stunden täglich;1;1;ledig;2;2;49;weiblich;Abschgeschlossene Berufsausbildung;In meinem privaten Bekanntenkreis gibt es InformatikerInnen;;1;0;1;0;0;0;0;1;0;0;0;0;0;0;0;0;0;0;0;0;0;0;0;0;0;0;0;1;1;0;0;0;0;0;0;0;0;0;0;0;0;0;0;0;0;0;0;0;0;0;0;0;0;0;0;0;0;0;0;0;0;0;0;0;0;0;0;0;0;0;0;0;0;0;1;0;0;0;0;0
2017/06/20 10:10:08 nachm. OEZ;34,5,4;Wissbegierig, technisch interessiert, eigene Welt der Zahlen ;;Genauigkeit, Kreativität, Komplexität ;2;4;3;mehrere Stunden pro Woche;2;3;in einer Beziehung;2;1;44;weiblich;Hochschulabschluss;In meinem privaten Bekanntenkreis gibt es InformatikerInnen;;0;0;0;0;0;0;0;0;0;0;0;0;0;0;0;0;0;0;0;0;0;0;0;0;0;0;0;0;0;0;1;1;0;0;0;0;0;0;0;0;0;0;0;0;0;0;0;0;0;0;0;0;0;0;0;0;0;0;0;0;1;0;0;0;0;0;0;0;0;0;0;0;0;0;0;0;0;0;0;0
2017/06/21 1:39:03 vorm. OEZ;4;Nerd;1,6,7;Programmierung, Problemlösung, Datenbereitstellung;20;1;2;mehrere Stunden pro Woche;1;1;in einer langjährigen Beziehung;2;2;27;männlich;Hochschulabschluss;Ich habe keinen Kontakt mit InformatikerInnen;;1;0;0;0;0;1;1;0;0;0;0;0;0;0;0;0;0;0;0;0;0;0;0;0;0;0;0;0;0;0;1;0;0;0;0;0;0;0;0;0;0;0;0;0;0;0;0;0;0;0;0;0;0;0;0;0;0;0;0;0;0;0;0;0;0;0;0;0;0;0;0;0;0;0;0;0;0;0;0;0
2017/06/21 2:04:40 nachm. OEZ;14,32;Lange Haare und Metal-tshirt;1,12;Programmieren, Drucker reparieren, Laptops reparieren;30;2;3;mehrere Stunden pro Woche;2;3;ledig;4;4;27;weiblich;Studierender;Ich bin selber Informatiker;;1;0;0;0;0;0;0;0;0;0;0;1;0;0;0;0;0;0;0;0;0;0;0;0;0;0;0;0;0;0;0;0;0;0;0;0;0;0;0;0;1;0;0;0;0;0;0;0;0;0;0;0;0;0;0;0;0;0;1;0;0;0;0;0;0;0;0;0;0;0;0;0;0;0;0;0;0;0;0;0
2017/06/21 2:46:34 nachm. OEZ;23,3,1;Jung, intelligent und aufgeschlossen. Jedoch teilweise auch ein wenig zurückhaltend;7,10,2;Analyse von Daten Optimierung von Fehlern Entwicklung neuer Software;30;3;3;mehrere Stunden pro Woche;2;4;in einer Beziehung;4;2;19;männlich;SchülerIn;Ein nahes Familienmitglied (Eltern/Kinder/Partner) ist InformatikerIn;;0;1;0;0;0;0;1;0;0;1;0;0;0;0;0;0;0;0;0;0;0;0;0;0;0;0;0;1;0;1;0;0;0;0;0;0;0;0;0;0;0;0;0;0;0;0;0;0;0;0;0;0;0;0;0;0;0;0;0;0;0;0;0;0;0;0;0;0;0;0;0;0;0;0;0;0;0;0;0;0
2017/06/21 6:45:49 nachm. OEZ;1;Introvertiert und unauffällig.;1,9,2;Programmieren, Analysieren, Modellieren;30;2;2;mehrere Stunden pro Woche;1;1;in einer langjährigen Beziehung;2;3;19;männlich;Studierender;Ich bin selber Informatiker;;1;1;0;0;0;0;0;0;1;0;0;0;0;0;0;0;0;0;0;0;0;0;0;0;0;0;0;1;0;0;0;0;0;0;0;0;0;0;0;0;0;0;0;0;0;0;0;0;0;0;0;0;0;0;0;0;0;0;0;0;0;0;0;0;0;0;0;0;0;0;0;0;0;0;0;0;0;0;0;0
2017/06/21 8:01:54 nachm. OEZ;47;Als ordentlichen,  zielstrebigen Menschen ;2,7;Sie entwickeln Software,  analysieren Daten und optimieren diese.;10;2;1;gelegentlich;2;2;in einer langjährigen Beziehung;2;1;47;weiblich;Abschgeschlossene Berufsausbildung;Ich habe direkten beruflichen Kontakt mit InformatikerInnen;;0;1;0;0;0;0;1;0;0;0;0;0;0;0;0;0;0;0;0;0;0;0;0;0;0;0;0;0;0;0;0;0;0;0;0;0;0;0;0;0;0;0;0;0;0;0;0;0;0;0;0;0;0;0;0;0;0;0;0;0;0;0;0;0;0;0;0;0;0;0;0;0;0;1;0;0;0;0;0;0
2017/06/22 8:47:18 vorm. OEZ;2,11,20;denkt sehr analytisch, redet nicht so viel, eher etwas blass von der Bildschirmarbeit, Unverständnis über die Unfähigkeit der anderen PC-Nutzer;1,3,2,8;"Programmieren; in einer Firma den verzweifelten KollegInnen bei jeglichen Technikproblemen zu Seite stehen; neue Programme schreiben um Arbeitsabläufe zu optimieren";35;1;1;gelegentlich;1;1;in einer langjährigen Beziehung;1;1;26;weiblich;Studierender;In meinem privaten Bekanntenkreis gibt es InformatikerInnen;"Ich weiß natürlich, dass nicht alle InformatikerInnen so sind, aber die Umfrage hat richtig dazu eingeladen, Stereotypen zu bedienen;-) coole Idee so eine Abfrage zu machen, die Rolle und das Bild der InformatikerInnen wird und muss sich ändern, weil der Rest der Gesellschaft viele Zukunftsfragen ohne deren Know-how gar nicht mehr beantworten kann, wie zB Datenschutz, autonomes Fahren etc. Bin gespannt auf die Ergebnisse! ";1;1;1;0;0;0;0;1;0;0;0;0;0;0;0;0;0;0;0;0;0;0;0;0;0;0;0;0;1;0;0;0;0;0;0;0;0;1;0;0;0;0;0;0;0;0;1;0;0;0;0;0;0;0;0;0;0;0;0;0;0;0;0;0;0;0;0;0;0;0;0;0;0;0;0;0;0;0;0;0
2017/06/22 10:26:08 vorm. OEZ;5,14,19,3;Technikfokussiert, unmodisch, sozial inkompetent, hochintelligent;1,12,11;Programmieren, Computer zusammenbauen, technische Infrastruktur aufbauen;3;1;1;gelegentlich;1;1;in einer Beziehung;2;1;36;männlich;Hochschulabschluss;In meinem privaten Bekanntenkreis gibt es InformatikerInnen;man sollte zwischen berufstätige und studentische Informatiker unterscheiden;1;0;0;0;0;0;0;0;0;0;1;1;0;0;0;0;0;0;0;0;0;0;0;0;0;0;0;0;0;1;0;1;0;0;0;0;0;0;0;0;1;0;0;0;0;1;0;0;0;0;0;0;0;0;0;0;0;0;0;0;0;0;0;0;0;0;0;0;0;0;0;0;0;0;0;0;0;0;0;0
2017/06/22 3:03:05 nachm. OEZ;10;Nerd! Nein, ich kenne einige, Informatiker sind auch ganz normale, liebe Menschen;1,13,7;Programmieren, Problembehebung wenn ein Computer/Programm mal nicht funktioniert, Berechnungen;15;3;2;gelegentlich;3;2;in einer Beziehung;2;2;21;weiblich;Studierender;In meinem privaten Bekanntenkreis gibt es InformatikerInnen;;1;0;0;0;0;0;1;0;0;0;0;0;1;0;0;0;0;0;0;0;0;0;0;0;0;0;0;0;0;0;0;0;0;0;0;0;1;0;0;0;0;0;0;0;0;0;0;0;0;0;0;0;0;0;0;0;0;0;0;0;0;0;0;0;0;0;0;0;0;0;0;0;0;0;0;0;0;0;0;0
2017/06/22 7:32:56 nachm. OEZ;3,1;Durchschnittlich mit hohem IQ;1,9,6,11;Programmieren, Analyse und Entwicklung von IT Infrastruktur ;20;2;2;mehrere Stunden täglich;2;2;in einer Beziehung;2;2;32;männlich;Doktorand;Ich bin selber Informatiker;;1;0;0;0;0;1;0;0;1;0;1;0;0;0;0;0;0;0;0;0;0;0;0;0;0;0;0;0;0;1;0;0;0;0;0;0;1;0;0;0;0;0;0;0;0;0;0;0;0;0;0;0;0;0;0;0;0;0;0;0;0;0;0;0;0;0;0;0;0;0;0;0;0;0;0;0;0;0;0;0
2017/06/22 9:56:56 nachm. OEZ;20,31,4,22;"Sehr blass; entweder sehr dünn oder sehr dick; kaum draussen; redet nur über Informatik/ Nerdige Sachen; wenig soziale Kontakte (abgesehen von Informatikern); Gamer";1,2,3,11;Entwicklung/Schreiben von Programmen, Erste Hilfe bei PC-Problemen in Firmen und Privatpersonen, Betreuung on Servern;10;1;1;mehrere Stunden pro Woche;2;0;ledig;2;2;26;weiblich;Hochschulabschluss;In meinem privaten Bekanntenkreis gibt es InformatikerInnen;;1;1;1;0;0;0;0;0;0;0;1;0;0;0;0;0;0;0;0;0;0;0;0;0;0;0;0;0;0;0;1;0;0;0;0;0;0;0;0;0;0;0;0;0;0;0;0;0;1;0;0;0;0;0;0;0;0;0;0;0;0;0;0;0;0;0;0;0;0;0;0;0;0;0;0;0;0;0;0;0
2017/06/22 11:21:59 nachm. OEZ;22,7,11,33,4;Klischee: Bleich, picklig, Brille, wenig kommunikativ, Nachtmensch. Typische Nerd-Interessen (Comics, Science Fiction). Ich weiß allerdings aus dem Umgang mit Informatikern, dass nur ein Teil wirklich diesem Klischee entspricht. Trotzdem ist das klischeehafte Bild noch in meinem Kopf. (einige entsprechen dem auch relativ deutlich);1,5,7;Coden, Skypen, irgendwelche komplexen Diagramme an Whiteboard oder auf irgendwelche Kärtchen malen.;10;1;1;mehrere Stunden pro Woche;1;1;ledig;3;2;31;männlich;Hochschulabschluss;Ich habe direkten beruflichen Kontakt mit InformatikerInnen;;1;0;0;0;1;0;1;0;0;0;0;0;0;0;0;0;0;0;0;0;0;0;0;0;0;0;0;0;0;0;0;0;0;1;0;0;0;1;0;0;0;0;0;0;0;0;0;0;1;0;0;0;0;0;0;0;0;0;0;1;0;0;0;0;0;0;0;0;0;0;0;0;0;0;0;0;0;0;0;0
2017/06/23 9:50:02 nachm. OEZ;12,7;schlaksig, mit Hornbrille;15;Kaffeetrinken, den Computer verfluchen und die Augen überstrapazieren;15;0;0;mehrere Stunden täglich;0;0;ledig;0;4;55;männlich;Hochschulabschluss;In meinem privaten Bekanntenkreis gibt es InformatikerInnen;;0;0;0;0;0;0;0;0;0;0;0;0;0;0;1;0;0;0;0;0;0;0;0;0;0;0;0;0;0;0;0;0;0;1;0;0;0;0;1;0;0;0;0;0;0;0;0;0;0;0;0;0;0;0;0;0;0;0;0;0;0;0;0;0;0;0;0;0;0;0;0;0;0;0;0;0;0;0;0;0
2017/06/24 7:52:14 vorm. OEZ;10;Being like me;9,5,6;Analytisches Denken, Sozialisation, Struktuierte herangehen an Problemen;17;3;4;mehrere Stunden pro Woche;2;3;in einer Beziehung;3;1;45;männlich;Hochschulabschluss;In meinem privaten Bekanntenkreis gibt es InformatikerInnen;;0;0;0;0;1;1;0;0;1;0;0;0;0;0;0;0;0;0;0;0;0;0;0;0;0;0;0;0;0;0;0;0;0;0;0;0;1;0;0;0;0;0;0;0;0;0;0;0;0;0;0;0;0;0;0;0;0;0;0;0;0;0;0;0;0;0;0;0;0;0;0;0;0;0;0;0;0;0;0;0
2017/06/24 4:42:26 nachm. OEZ;7,15;Brille, Topffrisur, Hosenträger, Karohemd, extrem schüchtern ;1,3,5;Dinge programmieren und istallieren, Programme vorstellen und anderen Leuten das erklären, mit anderen Leuten interagieren um ein passendes Programm zu finden;15;1;2;mehrere Stunden pro Woche;1;2;ledig;2;1;17;weiblich;Studierender;In meinem privaten Bekanntenkreis gibt es InformatikerInnen;"2017/06/19 5:27:53 nachm. OEZ;brille, schlacksig, introvertiert, hoch intelligent, flachwitz-Humor;programmieren, skypen, programmieren;2;0;0;mehrere Stunden täglich;1;4;ledig;2;1;22;weiblich;Hochschulabschluss;In meinem privaten Bekanntenkreis gibt es InformatikerInnen;Ich habe direkten beruflichen Kontakt mit InformatikerInnen
2017/06/21 12:21:15 nachm. OEZ;34,2,5;Neugierig, logisches Denkvermögen, technikinteressiert;5,9,20;Kommunizieren (nachfragen), analysieren, Teamarbeit ;15;2;4;gelegentlich;2;2;Vergleichbar mit dem beziehungsstatus aller anderen Akademiker;2;2;36;weiblich;Hochschulabschluss;Ein nahes Familienmitglied (Eltern/Kinder/Partner) ist InformatikerIn;In meinem privaten Bekanntenkreis gibt es InformatikerInnen;Ich habe direkten beruflichen Kontakt mit InformatikerInnen;;;;;;;;;;;;;;;;
2017/06/21 12:26:40 nachm. OEZ;4,20,11;ein bißchen nerdig, blass und wenig kommunikativ;1,14,5;Programmieren, erklären, besprechen;25;1;1;mehrere Stunden wöchentlich;2;2;in einer langjährigen Beziehung;2;2;36;weiblich;Hochschulabschluss;Ich habe direkten beruflichen Kontakt mit InformatikerInnen;;;;;;;;;;;;;;;;
2017/06/21 12:33:59 nachm. OEZ;28;Ich kenne einige männliche Informatiker. Diese würde ich eher als unkonventionell und alternativ beschreiben. Auf die weiblichen Informatikerinnen trifft das auch zu, nur kenne ich nicht so viele. Ich kann dazu sagen, dass eigentlich beide Geschlechter nicht so sehr den gängigen Stereotypen von Männlichkeit und Weiblichkeit entsprechen, wobei natürlich Technikaffinität häufig ein männliches Stereotyp ist. Trans- und Interpersonen im Bereich Informatik kenne ich nicht.;1,5,13;Programmieren, Telefonieren, Fehler in Programmen beheben.;10;1;2;gelegentlich;2;1;Alles;2;1;32;weiblich;Studierender;Ein nahes Familienmitglied (Eltern/Kinder/Partner) ist InformatikerIn;In meinem privaten Bekanntenkreis gibt es InformatikerInnen;Schon im Kindesalter sollten alle Geschlechter gleichermaßen gefördert werden, sodass auch mehr Frauen sich für MINT-Berufe entscheiden.;;;;;;;;;;;;;;;
2017/06/21 12:53:41 nachm. OEZ;2,18,5;analytisches+kreatives Denken, technikaffin;11,1,3;Systeme einrichten, programmieren, anderen Menschen Programme erklären;30;2;1;mehrere Stunden wöchentlich;2;2;in einer langjährigen Beziehung;2;1;26;weiblich;Hochschulabschluss;Ich habe direkten beruflichen Kontakt mit InformatikerInnen;;;;;;;;;;;;;;;;
2017/06/21 1:12:41 nachm. OEZ;3,38,7,5;intelligent, gut verdienend, mir Brille, technikaffin;1,17;sitzen, tastatur bedienen, programmieren;15;2;2;gelegentlich;2;2;in einer Beziehung;2;3;31;weiblich;Hochschulabschluss;In meinem privaten Bekanntenkreis gibt es InformatikerInnen;Fragen die auf Stereotyp-Abfrage beharren, bestärken dies. Umfrage lässt schwer zu Informatiker_Innen nicht als spezielle Spezies zu beschreiben.;;;;;;;;;;;;;;;
2017/06/21 1:46:56 nachm. OEZ;26,37,7,31;Stereotyp / Klischee: männlich, eher ungepflegt, schlecht ernährt, Brille, sitzt im verqualmten Keller; Alter um die 30-35.;3,10,11;1) Useranfragen bearbeiten 2) Anpassung bestehender Systeme und Programme an neue Updates etc. 3) Verwaltung /Administration (wie alle, die statt zu arbeiten sich mit der Verwaltung plagen müssen) ;40;1;2;gelegentlich;1;2;von allem etwas von verpartnert bis verwittwet, verheiratet, single... ;2;2;49;weiblich;Hochschulabschluss;Ich habe direkten beruflichen Kontakt mit InformatikerInnen;;;;;;;;;;;;;;;;
2017/06/21 2:16:13 nachm. OEZ;52;Das sind die Leute auf dem Vormarsch, ohne die läuft nichts mehr.;21,3;Sie experimentieren, gucken, was die Anwenderin, der Anwender braucht, finden Lösungen;3;1;1;mehrere Stunden täglich;1;4;in einer langjährigen Beziehung;4;0;49;weiblich;Hochschulabschluss;Ein nahes Familienmitglied (Eltern/Kinder/Partner) ist InformatikerIn;Ich habe direkten beruflichen Kontakt mit InformatikerInnen;;;;;;;;;;;;;;;;
2017/06/21 2:31:10 nachm. OEZ;1,2;schüchtern, introvertiert, detailorientiert, analytisch;1,7,10;Programmieren, Rechnen, Pflege von bestehenden Programmen;30;1;3;gelegentlich;1;2;in einer Beziehung;2;1;26;weiblich;Studierender;In meinem privaten Bekanntenkreis gibt es InformatikerInnen;;;;;;;;;;;;;;;;
2017/06/21 3:11:49 nachm. OEZ;2,18,3;gut mit Zahlen/Logik, kreativ, intelligent;1,5,22;Coding, Kommunikation mit Kund*innen, eigene Weiterbildung ;12;2;4;gelegentlich;2;2;kommt darauf an...;2;2;28;weiblich;Hochschulabschluss;Ich habe direkten beruflichen Kontakt mit InformatikerInnen;In meiner Erfahrung treffen viele der Klischees, die auch in dieser Umfrage (bewusst?) aufgerufen werden, nicht zu.;;;;;;;;;;;;;;;
2017/06/21 3:13:12 nachm. OEZ;3,2,34,1;intelligent, analysestark, stets lerninteressiert, introvertiert;1,13;programmieren, testen, fehler beheben;5;2;1;gelegentlich;2;2;in einer langjährigen Beziehung;1;1;40;weiblich;Hochschulabschluss;Ein nahes Familienmitglied (Eltern/Kinder/Partner) ist InformatikerIn;In meinem privaten Bekanntenkreis gibt es InformatikerInnen;Ich habe direkten beruflichen Kontakt mit InformatikerInnen;;;;;;;;;;;;;;;;
2017/06/21 10:52:43 nachm. OEZ;10,28;Es kommt doch ganz darauf an, auf welcher Ebene die Person tätig ist. Es gibt systems admin, diese InformatikerInnen müssen mit NutzerInnen umgehen können, und da kann es sein, dass Männer arroganter und weniger geduldig sind als Frauen. Beim Programmieren gibt es -- denke ich -- keine Unterschiede, weil kaum Interaktion mit Menschen. Ich könnte allerdings auch das Vorurteil haben, dass weiblichen Informatikerinnen eher die NutzerInnen mitdenken, wenn sie kodieren, während die männlichen Informatiker sich für sich selbst etwas ausdenken. Auf der Ebene der Forschung habe ich die Erfahrung gemacht, dass männliche Informatiker auch eher sich etwas Verrücktes ausdenken, während die weiblichen Informatikerinnen eher, tendenziell, den Nutzen ihrer Ideen von anderen überprüfen lassen. Im Team tendieren die Informatiker auf jeden Fall dazu weibliche Kolleginnen nicht zu hören, zu ignorieren, bei Veröffentlichungen nach außen und in internen Berichten an letzter Stelle -- wenn überhaupt -- zu erwähnen. ;3,11,1;Frauen: Vielleicht eher in der Wirtschaftsinformatik, in einer Bank, im support Männer: vielleicht eher im Maschinen- und Anlagenbau, in der Softwareentwicklung, als systems admin.;20;2;2;gelegentlich;2;2;wie alle andern;2;1;67;weiblich;Hochschulabschluss;Ich bin selber Informatiker;Ich habe die ersten Fragen missverstanden, vor allem, weil die Anfrage über eine Gender-Liste verschickt wurde. Ich dachte, es geht um mögliche geschlechtsspezifische Unterschiede.  ;;;;;;;;;;;;;;;
2017/06/22 12:53:36 nachm. OEZ;4,15;netzpolitisch aktiv, geeky, schwarzer hoody, sticker am laptop, bunte Haare, ;13,1;(kein richtiger Satz und damit nicht wirklich klar verständlich) debugging, coding, rubber ducking;18;2;2;gelegentlich;2;2;poly;3;1;31;weiblich;Hochschulabschluss;Ich bin selber Informatiker;Ein nahes Familienmitglied (Eltern/Kinder/Partner) ist InformatikerIn;In meinem privaten Bekanntenkreis gibt es InformatikerInnen;Ich habe direkten beruflichen Kontakt mit InformatikerInnen;ledig ist nicht kein Pseudonym für single  Die Umfrage war schon massiv von Stereotypen eingefärbt  Da versucht ihr die ganze Zeit schön zu gendern (binär, aber immerhin) und dann hab ich bei Ich bin selber Informatiker"" nur die männliche Form? WTF Leute...";1;0;1;0;1;0;0;0;0;0;0;0;0;0;0;0;0;0;0;0;0;0;0;0;0;0;0;0;0;0;0;0;0;1;0;0;0;0;0;0;0;1;0;0;0;0;0;0;0;0;0;0;0;0;0;0;0;0;0;0;0;0;0;0;0;0;0;0;0;0;0;0;0;0;0;0;0;0;0;0
2017/06/22 9:32:47 nachm. OEZ;15,14,4,37;beige Hose, lange dünne haare, nerd, isst gerne ships und trinkt soft drinks;1,2;programmieren von Programmen oder Webseiten, etwas mit IT, auf hacker spezialisierte anwendungen;3;1;3;mehrere Stunden täglich;2;4;ledig;0;2;26;weiblich;Studierender;Ich habe keinen Kontakt mit InformatikerInnen;die 6. Frage war schwer zu beantworten. ich stelle mir Informatiker hyperaktiv vor. also haben großes interesse an manchen neuen dingen. an manchen neuen dingen (soziales) gar keins;1;1;0;0;0;0;0;0;0;0;0;0;0;0;0;0;0;0;0;0;0;0;0;0;0;0;0;0;0;0;1;0;0;0;0;0;0;0;0;0;1;1;0;0;0;0;0;0;0;0;0;0;0;0;0;0;0;0;0;0;0;0;0;1;0;0;0;0;0;0;0;0;0;0;0;0;0;0;0;0
2017/06/23 5:55:04 vorm. OEZ;;viel beschäftigt, in fester Anstellung bei einer großen Firma ;1,6,5;programmieren, Probleme lösen, Absprachen mit Fachfremden treffen;20;2;3;gelegentlich;3;2;in einer Beziehung;2;1;42;weiblich;Hochschulabschluss;Ich habe direkten beruflichen Kontakt mit InformatikerInnen;musste manchmal schmunzeln, da die Klischees sich wirklich bekannt sind. ;1;0;0;0;1;1;0;0;0;0;0;0;0;0;0;0;0;0;0;0;0;0;0;0;0;0;0;0;0;0;0;0;0;0;0;0;0;0;0;0;0;0;0;0;0;0;0;0;0;0;0;0;0;0;0;0;0;0;0;0;0;0;0;0;0;0;0;0;0;0;0;0;0;0;0;0;0;0;0;0
2017/06/23 10:16:19 vorm. OEZ;10;es gibt keine typischen Informatiker_innen aber viele Stereotype über männliche Informatiker*;8,2,1;Projekt- und Kund_innenmanagement, Softwarearchitektur, Programmieren, ;10;2;2;gelegentlich;2;2;in einer Beziehung;2;1;52;weiblich;Hochschulabschluss;Ich habe direkten beruflichen Kontakt mit InformatikerInnen;;1;1;0;0;0;0;0;1;0;0;0;0;0;0;0;0;0;0;0;0;0;0;0;0;0;0;0;0;0;0;0;0;0;0;0;0;1;0;0;0;0;0;0;0;0;0;0;0;0;0;0;0;0;0;0;0;0;0;0;0;0;0;0;0;0;0;0;0;0;0;0;0;0;0;0;0;0;0;0;0
2017/06/23 10:24:54 vorm. OEZ;2;sachlich, logisch, ;1,12,11;programmieren, Computer reparieren, software instalieren;14;2;1;mehrere Stunden pro Woche;1;2;ledig;2;2;32;weiblich;Hochschulabschluss;In meinem privaten Bekanntenkreis gibt es InformatikerInnen;;1;0;0;0;0;0;0;0;0;0;1;1;0;0;0;0;0;0;0;0;0;0;0;0;0;0;0;0;1;0;0;0;0;0;0;0;0;0;0;0;0;0;0;0;0;0;0;0;0;0;0;0;0;0;0;0;0;0;0;0;0;0;0;0;0;0;0;0;0;0;0;0;0;0;0;0;0;0;0;0
2017/06/23 10:49:11 vorm. OEZ;23,6,8;jung, männlich, ungebunden, wenig andere Interessen, immer on-line, wenig Urlaub;1,11,23;Softwareentwickler, Netzwerkentwickler, Website designer;5;4;1;gelegentlich;1;1;in einer Beziehung;1;3;61;weiblich;Abschgeschlossene Berufsausbildung;Ein nahes Familienmitglied (Eltern/Kinder/Partner) ist InformatikerIn;;1;0;0;0;0;0;0;0;0;0;1;0;1;0;0;0;0;0;0;0;0;0;0;0;0;0;0;0;0;0;0;0;1;0;1;0;0;0;0;0;0;0;0;0;0;0;0;0;0;1;0;0;0;0;0;0;0;0;0;0;0;0;0;0;0;0;0;0;0;0;0;0;0;0;0;0;0;0;0;0
2017/06/23 11:35:03 vorm. OEZ;4;nerds;1,25,17;coding, hacking, vorm Computer sitzen;10;2;1;mehrere Stunden pro Woche;2;1;in einer langjährigen Beziehung;2;0;38;weiblich;Hochschulabschluss;In meinem privaten Bekanntenkreis gibt es InformatikerInnen;;1;0;0;0;0;0;0;0;0;0;0;0;0;0;0;0;1;0;0;0;0;0;0;0;1;0;0;0;0;0;1;0;0;0;0;0;0;0;0;0;0;0;0;0;0;0;0;0;0;0;0;0;0;0;0;0;0;0;0;0;0;0;0;0;0;0;0;0;0;0;0;0;0;0;0;0;0;0;0;0
2017/06/23 2:51:02 nachm. OEZ;5,1,19,18;"Technisch informiert; bei der einen oder anderen Person auch eine etwas begrenzte Sichtweise, in der Technik im Mittelpunkt steht; im schlechtesten Fall nicht interessiert an sozialem Austausch bis hin zu eigenbrötlerisch, in manchen Fällen auch unfreundlich; kreativ; kritisch gegenüber dominanten Sichtweisen; bei manchen auch Überschreiten von genderstereotypem Verhalten; teilweise zu unkritisch auf das eigene Verhalten bezogen bzw. geringe Selbstreflexion  ";1,12,11;Programmieren, Hardware überprüfen und reparieren, Software installieren und verwalten;20;1;1;mehrere Stunden täglich;1;1;ledig;2;0;47;weiblich;Hochschulabschluss;Ich habe direkten beruflichen Kontakt mit InformatikerInnen;Ich fände eine genauere Erklärung dieser Umfrage notwendig: wer genau und welche Institution führt sie durch und mit welcher Zielsetzung. FU Berlin finde ich zu vage.;1;0;0;0;0;0;0;0;0;0;1;1;0;0;0;0;0;0;0;0;0;0;0;0;0;0;0;1;0;0;0;1;0;0;0;0;0;0;0;0;0;0;0;0;1;1;0;0;0;0;0;0;0;0;0;0;0;0;0;0;0;0;0;0;0;0;0;0;0;0;0;0;0;0;0;0;0;0;0;0
2017/06/25 5:57:56 nachm. OEZ;53,17,54;Konzentriert, aufmerksam, selbstbewusst, flexible Arbeitszeiten, entspannt;7;Informationen sortieren, Infos ordnen, etwas steuern;40;2;3;gelegentlich;2;3;in einer Beziehung;2;3;33;weiblich;Hochschulabschluss;Ich habe keinen Kontakt mit InformatikerInnen;Manche Antwortoptionen nicht ausdifferenziert, viele Fragen decken ausschließlich eine stereotypisierte Sichtweise ab (oder so gewollt?);0;0;0;0;0;0;1;0;0;0;0;0;0;0;0;0;0;0;0;0;0;0;0;0;0;0;0;0;0;0;0;0;0;0;0;0;0;0;0;0;0;0;0;1;0;0;0;0;0;0;0;0;0;0;0;0;0;0;0;0;0;0;0;0;0;0;0;0;0;0;0;0;0;0;0;0;0;0;0;1
2017/06/26 11:01:34 vorm. OEZ;4,11,8;"etwas ""nerdig"", nicht übermäßig kommunikativ, versunken in Computerwelten (ist natürlich sehr stereotypisierend!)";1;Programmieren, programmieren, reden über programmieren;5;1;2;gelegentlich;1;2;in einer langjährigen Beziehung;2;2;49;weiblich;Hochschulabschluss;Ein nahes Familienmitglied (Eltern/Kinder/Partner) ist InformatikerIn;Sehr cool, dass nach gefühlter Geschlechtszugehörigkeit gefragt wurde! Danke!;1;0;0;0;0;0;0;0;0;0;0;0;0;0;0;0;0;0;0;0;0;0;0;0;0;0;0;0;0;0;1;0;0;0;1;0;0;1;0;0;0;0;0;0;0;0;0;0;0;0;0;0;0;0;0;0;0;0;0;0;0;0;0;0;0;0;0;0;0;0;0;0;0;0;0;0;0;0;0;0
